,Title,Company Name,Location,Start Date,Duration,Stipend,Status,Links
0,Email Marketing,Lawtech,[['Work From Home']],Immediately,Starts immediatelyImmediately,"₹ 5,000-7,000 /month",Just now,https://internshala.com/internship/detail/work-from-home-email-marketing-internship-at-lawtech1709482546
1,Full Stack Development,CAP CORPORATE,[['Chennai']],Immediately,Starts immediatelyImmediately,"₹ 5,500 /month",Just now,https://internshala.com/internship/detail/full-stack-development-internship-in-chennai-at-cap-corporate1709479167
2,Python Development,Employee Forums,[['Mumbai']],Immediately,Starts immediatelyImmediately,"₹ 10,000-12,000 /month",Just now,https://internshala.com/internship/detail/python-development-internship-in-mumbai-at-employee-forums1709470775
3,E-Commerce Business Management,Jaipur Global Services,[['Jaipur']],Immediately,Starts immediatelyImmediately,"₹ 12,000-18,000 /month",Just now,https://internshala.com/internship/detail/e-commerce-business-management-internship-in-jaipur-at-jaipur-global-services1709367711
4,Business Development (Sales),Ukiyo Stays,[['Mumbai']],Immediately,Starts immediatelyImmediately,"₹ 8,000-10,000 /month",Just now,https://internshala.com/internship/detail/business-development-sales-internship-in-mumbai-at-ukiyo-stays1709377134
5,Supply Chain & Logistics Operations,Xboom Utilities Private Limited,[['Bangalore']],Immediately,Starts immediatelyImmediately,"₹ 8,000-12,000 /month",Just now,https://internshala.com/internship/detail/supply-chain-logistics-operations-internship-in-bangalore-at-xboom-utilities-private-limited1709121621
6,Lead Generation,Ennoble Social Innovation Foundation,[['Mumbai']],Immediately,Starts immediatelyImmediately,"₹ 15,000 /month",Just now,https://internshala.com/internship/detail/lead-generation-internship-in-mumbai-at-ennoble-social-innovation-foundation1707850890
7,Digital Marketing,COSGrid Systems Private Limited,[['Chennai']],Immediately,Starts immediatelyImmediately,"₹ 12,000-20,000 /month",Just now,https://internshala.com/internship/detail/digital-marketing-internship-in-chennai-at-cosgrid-systems-private-limited1709031637
8,Data Entry,ODN Digital Services Private Limited,[['Delhi']],Immediately,Starts immediatelyImmediately,"₹ 5,000 /month",Just now,https://internshala.com/internship/detail/data-entry-internship-in-delhi-at-odn-digital-services-private-limited1709112987
9,Business Strategy,Foreignerds,"[['Gautam Buddha Nagar', 'Greater Noida', 'Ghaziabad', 'Delhi', 'Noida']]",Immediately,Starts immediatelyImmediately,"₹ 5,000-10,000 /month",Just now,https://internshala.com/internship/detail/business-strategy-internship-in-multiple-locations-at-foreignerds1708600691
10,Technical Lead Generation & Business Prospects (IT),RPA Infotech Private Limited,[['Work From Home']],Immediately,Starts immediatelyImmediately,"₹ 10,000-15,000 /month",Just now,https://internshala.com/internship/detail/work-from-home-technical-lead-generation-business-prospects-it-internship-at-rpa-infotech-private-limited1709096229
11,Business Development (Sales),TechMatys,[['Dehradun']],Immediately,Starts immediatelyImmediately,"₹ 2,000 /month +  Incentives",Just now,https://internshala.com/internship/detail/business-development-sales-internship-in-dehradun-at-techmatys1707800798
12,Game Development,DOTS,[['Work From Home']],Immediately,Starts immediatelyImmediately,"₹ 10,000-15,000 /month",Just now,https://internshala.com/internship/detail/work-from-home-part-time-game-development-internship-at-dots1709469364
13,Artificial Intelligence (AI),Aero360,[['Chennai']],Immediately,Starts immediatelyImmediately,"₹ 10,000 /month",Just now,https://internshala.com/internship/detail/artificial-intelligence-ai-internship-in-chennai-at-aero3601709467336
14,Sales,Moovick,[['Work From Home']],Immediately,Starts immediatelyImmediately,"₹ 6,000 /month",Just now,https://internshala.com/internship/detail/work-from-home-sales-internship-at-moovick1709460020
15,Python Development,TBTFW VENTURES,[['Work From Home']],Immediately,Starts immediatelyImmediately,"₹ 6,000-8,000 /month",Just now,https://internshala.com/internship/detail/work-from-home-python-development-internship-at-tbtfw-ventures1709463137
16,Software Development,Neuralix.Ai Pvt Ltd,"[['Noida', 'Lucknow', 'Gurgaon', 'Delhi']]",Immediately,Starts immediatelyImmediately,"₹ 40,000 /month",Just now,https://internshala.com/internship/detail/software-development-internship-in-multiple-locations-at-neuralixai-pvt-ltd1709463023
17,Data Science,Druidot Consulting Private Limited,[['Work From Home']],Immediately,Starts immediatelyImmediately,"₹ 1,000 /month",Just now,https://internshala.com/internship/detail/work-from-home-data-science-internship-at-druidot-consulting-private-limited1709456915
18,Digital Marketing,CK & Sons Textile,[['Work From Home']],Immediately,Starts immediatelyImmediately,"₹ 6,000 /month +  Incentives",Just now,https://internshala.com/internship/detail/work-from-home-digital-marketing-internship-at-ck-sons-textile1709455976
19,Operations,Disha Capital Insurance Brokers Private Limited,[['Delhi']],Immediately,Starts immediatelyImmediately,"₹ 5,000 /month",Just now,https://internshala.com/internship/detail/operations-internship-in-delhi-at-disha-capital-insurance-brokers-private-limited1709454853
20,Software Development,EVC Global,[['Mumbai']],Immediately,Starts immediatelyImmediately,"₹ 8,000 /month",Just now,https://internshala.com/internship/detail/software-development-internship-in-mumbai-at-evc-global1709388362
21,Internet Of Things (IoT),AIOTY Labs,[['Chennai']],Immediately,Starts immediatelyImmediately,"₹ 5,000 /month",Just now,https://internshala.com/internship/detail/internet-of-things-iot-internship-in-chennai-at-aioty-labs1709385407
22,Fundraising,Umran Green Perspective Foundation,[['Work From Home']],Immediately,Starts immediatelyImmediately,Unpaid,Just now,https://internshala.com/internship/detail/work-from-home-fundraising-internship-at-umran-green-perspective-foundation1709381266
23,Data Science,Blackcoffer,[['Work From Home']],Immediately,Starts immediatelyImmediately,"₹ 10,000-12,000 /month",Just now,https://internshala.com/internship/detail/work-from-home-data-science-internship-at-blackcoffer1709378595
24,Software Engineering,GyanGrove Private Limited,[['Bangalore']],Immediately,Starts immediatelyImmediately,"₹ 10,000 /month",Just now,https://internshala.com/internship/detail/software-engineering-internship-in-bangalore-at-gyangrove-private-limited1709377290
25,Cyber Security,COSGrid Systems Private Limited,[['Chennai']],Immediately,Starts immediatelyImmediately,"₹ 15,000-20,000 /month",Just now,https://internshala.com/internship/detail/cyber-security-internship-in-chennai-at-cosgrid-systems-private-limited1709376646
26,Teaching (Coding),GEMA Education Technology Private Limited,[['Work From Home']],Immediately,Starts immediatelyImmediately,"₹ 2,000 /month",Just now,https://internshala.com/internship/detail/work-from-home-part-time-teaching-coding-internship-at-gema-education-technology-private-limited1709367595
27,Data Engineering,PlayTheory Labs,[['Work From Home']],Immediately,Starts immediatelyImmediately,"₹ 6,000 /month",Just now,https://internshala.com/internship/detail/work-from-home-data-engineering-internship-at-playtheory-labs1709355064
28,Sales Development,Pereyan LLP,[['Bangalore']],Immediately,Starts immediatelyImmediately,"₹ 12,000-15,000 /month",Just now,https://internshala.com/internship/detail/sales-development-internship-in-bangalore-at-pereyan-llp1709354840
29,Data Science,Boston Institute Of Analytics Global Education Private Limited,[['Mumbai']],Immediately,Starts immediatelyImmediately,"₹ 25,000 /month",Just now,https://internshala.com/internship/detail/data-science-internship-in-mumbai-at-boston-institute-of-analytics-global-education-private-limited1709298449
30,Data Analytics & AI,CloudGarage,"[['Bhopal', 'Gurgaon']]",Immediately,Starts immediatelyImmediately,"₹ 7,000 /month +  Incentives",Just now,https://internshala.com/internship/detail/data-analytics-ai-internship-in-multiple-locations-at-cloudgarage1709294102
31,Data Analytics,Clapingo Education,[['Work From Home']],Immediately,Starts immediatelyImmediately,"₹ 8,000 /month",Just now,https://internshala.com/internship/detail/work-from-home-data-analytics-internship-at-clapingo-education1709292391
32,Python Django Development,Across The Globe (ATG),[['Work From Home']],Immediately,Starts immediatelyImmediately,"₹ 2,500 /month +  Incentives",Just now,https://internshala.com/internship/detail/work-from-home-part-time-python-django-development-internship-at-across-the-globe-atg1709291501
33,Machine Learning,Factacy.Ai,[['Gurgaon']],Immediately,Starts immediatelyImmediately,"₹ 12,000-15,000 /month",Just now,https://internshala.com/internship/detail/machine-learning-internship-in-gurgaon-at-factacyai1709288811
34,Data Science - Content Writing Volunteer,Earth5R,[['Work From Home']],Immediately,Starts immediatelyImmediately,Unpaid,Just now,https://internshala.com/internship/detail/work-from-home-part-time-data-science-content-writing-volunteer-internship-at-earth5r1709288491
35,Artificial Intelligence And Machine Learning - Content Writing Volunteer,Earth5R,[['Work From Home']],Immediately,Starts immediatelyImmediately,Unpaid,Just now,https://internshala.com/internship/detail/work-from-home-part-time-artificial-intelligence-and-machine-learning-content-writing-volunteer-internship-at-earth5r1709288276
36,Equity Research,Business Quant,[['Work From Home']],Immediately,Starts immediatelyImmediately,"₹ 3,000 /month",Just now,https://internshala.com/internship/detail/work-from-home-equity-research-internship-at-business-quant1709288179
37,Software Development,Blackcoffer,[['Work From Home']],Immediately,Starts immediatelyImmediately,"₹ 10,000-12,000 /month",Just now,https://internshala.com/internship/detail/work-from-home-software-development-internship-at-blackcoffer1709287841
38,Data Analytics,AN QUANTECH LLP,[['Delhi']],Immediately,Starts immediatelyImmediately,"₹ 5,000-15,000 /month",Just now,https://internshala.com/internship/detail/data-analytics-internship-in-delhi-at-an-quantech-llp1709285956
39,Cloud Computing,The Overseas Consultant,"[['Bangalore', 'Pune', 'Mumbai', 'Chennai']]",Immediately,Starts immediatelyImmediately,"₹ 5,000-7,000 /month",Just now,https://internshala.com/internship/detail/part-time-cloud-computing-internship-in-multiple-locations-at-the-overseas-consultant1709284675
40,Business Analytics,The Overseas Consultant,"[['Bangalore', 'Mumbai', 'Chennai', 'Pune']]",Immediately,Starts immediatelyImmediately,"₹ 5,000-7,000 /month",2 days ago,https://internshala.com/internship/detail/part-time-business-analytics-internship-in-multiple-locations-at-the-overseas-consultant1709284566
41,Big Data,The Overseas Consultant,"[['Chennai', 'Pune', 'Mumbai', 'Bangalore']]",Immediately,Starts immediatelyImmediately,"₹ 5,000-7,000 /month",2 days ago,https://internshala.com/internship/detail/part-time-big-data-internship-in-multiple-locations-at-the-overseas-consultant1709284476
42,Data Analytics,Uboard India Limited,[['Delhi']],Immediately,Starts immediatelyImmediately,"₹ 7,000-10,000 /month",2 days ago,https://internshala.com/internship/detail/data-analytics-internship-in-delhi-at-uboard-india-limited1709282274
43,Credit Analytics,Tradeshala,[['Work From Home']],Immediately,Starts immediatelyImmediately,"₹ 10,000 lump sum",2 days ago,https://internshala.com/internship/detail/work-from-home-credit-analytics-internship-at-tradeshala1709282219
44,AWS DevOps Engineering,Systemic Altruism,[['Work From Home']],Immediately,Starts immediatelyImmediately,"₹ 12,500 /month",2 days ago,https://internshala.com/internship/detail/work-from-home-aws-devops-engineering-internship-at-systemic-altruism1709281480
45,Subject Matter Expert (SME),Newton School,[['Sonipat']],Immediately,Starts immediatelyImmediately,"₹ 30,000 /month",2 days ago,https://internshala.com/internship/detail/subject-matter-expert-sme-internship-in-sonipat-at-newton-school1709279768
46,Mobile App Development,Somasekhar Addakula,[['Work From Home']],Immediately,Starts immediatelyImmediately,"₹ 15,000 /month",2 days ago,https://internshala.com/internship/detail/work-from-home-mobile-app-development-internship-at-somasekhar-addakula1709277553
47,Data & Communication,Centre For Knowledge And Development,[['Delhi']],Immediately,Starts immediatelyImmediately,"₹ 7,500 /month",2 days ago,https://internshala.com/internship/detail/data-communication-internship-in-delhi-at-centre-for-knowledge-and-development1709276805
48,Product Analyst,InstaAstro,[['Noida']],Immediately,Starts immediatelyImmediately,"₹ 15,000-20,000 /month",2 days ago,https://internshala.com/internship/detail/product-analyst-internship-in-noida-at-instaastro1709273303
49,Artificial Intelligence (AI),Rousing Designs,[['Work From Home']],Immediately,Starts immediatelyImmediately,"₹ 25,000 /month",2 days ago,https://internshala.com/internship/detail/work-from-home-artificial-intelligence-ai-internship-at-rousing-designs1709272835
50,Artificial Intelligence (AI),SNet Labs Private Limited,"[['Dehradun', 'Ghaziabad', 'Noida']]",Immediately,Starts immediatelyImmediately,"₹ 10,000-20,000 /month",2 days ago,https://internshala.com/internship/detail/artificial-intelligence-ai-internship-in-multiple-locations-at-snet-labs-private-limited1709269531
51,Python Full Stack Development,Blackcoffer,[['Work From Home']],Immediately,Starts immediatelyImmediately,"₹ 10,000-12,000 /month",2 days ago,https://internshala.com/internship/detail/work-from-home-python-full-stack-development-internship-at-blackcoffer1709269024
52,AI Development,Systemic Altruism,[['Work From Home']],Immediately,Starts immediatelyImmediately,"₹ 12,500 /month",2 days ago,https://internshala.com/internship/detail/work-from-home-ai-development-internship-at-systemic-altruism1709268971
53,Machine Learning,Cryptonet Technologies Private Limited,[['Work From Home']],Immediately,Starts immediatelyImmediately,"₹ 1,000-2,000 /month",2 days ago,https://internshala.com/internship/detail/work-from-home-machine-learning-internship-at-cryptonet-technologies-private-limited1709268558
54,Finance,Ajay Kakarania,[['Work From Home']],Immediately,Starts immediatelyImmediately,"₹ 10,000 /month +  Incentives",2 days ago,https://internshala.com/internship/detail/work-from-home-finance-internship-at-ajay-kakarania1709266320
55,Marketing & Research,Macsen Labs,[['Udaipur']],Immediately,Starts immediatelyImmediately,"₹ 5,000 /month",2 days ago,https://internshala.com/internship/detail/marketing-research-internship-in-udaipur-at-macsen-labs1709211739
56,Data Engineer,Softsensor.ai,[['Work From Home']],Immediately,Starts immediatelyImmediately,"₹ 10,000-15,000 /month",2 days ago,https://internshala.com/internship/detail/work-from-home-data-engineer-internship-at-softsensorai1709209964
57,Embedded Software Engineer (R&D),Lumitech Media Incorporation,[['Mumbai']],Immediately,Starts immediatelyImmediately,"₹ 12,000-15,000 /month",2 days ago,https://internshala.com/internship/detail/embedded-software-engineer-r-d-internship-in-mumbai-at-lumitech-media-incorporation1709203960
58,"AI - Chatgpt, Python and Langchain programming","Fast Bridge: Innovation Consulting (Gent, Belgium)",[['Work From Home']],Immediately,Starts immediatelyImmediately,"₹ 15,000 /month",2 days ago,https://internshala.com/internship/detail/work-from-home-part-time-artificial-intelligence-ai-internship-at-fast-bridge-innovation-consulting1709200120
59,Data Science,AIChunks Private Limited,"[['Chandigarh', 'Mohali']]",Immediately,Starts immediatelyImmediately,"₹ 6,000-10,000 /month",2 days ago,https://internshala.com/internship/detail/data-science-internship-in-multiple-locations-at-aichunks-private-limited1709191275
60,Python Development,ASOWin,"[['Delhi', 'Greater Noida', 'Noida']]",Immediately,Starts immediatelyImmediately,"₹ 25,000 /month",2 days ago,https://internshala.com/internship/detail/python-development-internship-in-multiple-locations-at-asowin1709195547
61,Digital Marketing,Weblingos Technologies,[['Work From Home']],Immediately,Starts immediatelyImmediately,"₹ 5,000 /month",2 days ago,https://internshala.com/internship/detail/work-from-home-digital-marketing-internship-at-weblingos-technologies1709188135
62,Data Analytics,Vibhor  Kataria,[['Work From Home']],Immediately,Starts immediatelyImmediately,"₹ 3,000 /month +  Incentives",2 days ago,https://internshala.com/internship/detail/work-from-home-data-analytics-internship-at-vibhor-kataria1709194664
63,Data Analytics (Hybrid),Peoplebox,[['Bangalore']],Immediately,Starts immediatelyImmediately,"₹ 15,000 /month",2 days ago,https://internshala.com/internship/detail/data-analytics-hybrid-internship-in-bangalore-at-peoplebox1709191977
64,Data Analytics,Wobot Intelligence Private Limited,[['Work From Home']],Immediately,Starts immediatelyImmediately,"₹ 10,000 /month",2 days ago,https://internshala.com/internship/detail/work-from-home-data-analytics-internship-at-wobot-intelligence-private-limited1709187585
65,Business Strategy,Siddharth Chopda,[['Work From Home']],Immediately,Starts immediatelyImmediately,$ 200-400 /month,2 days ago,https://internshala.com/internship/detail/work-from-home-business-strategy-internship-at-siddharth-chopda1709186997
66,Social Media Marketing,Crystal Quartz,[['Work From Home']],Immediately,Starts immediatelyImmediately,"₹ 1,000 /month +  Incentives",2 days ago,https://internshala.com/internship/detail/work-from-home-part-time-social-media-marketing-internship-at-crystal-quartz1709185393
67,Machine Learning,IIT Bombay,[['Work From Home']],Immediately,Starts immediatelyImmediately,"₹ 1,000-8,000 /month",2 days ago,https://internshala.com/internship/detail/work-from-home-part-time-machine-learning-internship-at-iit-bombay1709175012
68,Artificial Intelligence (AI),Shubh International,[['Work From Home']],Immediately,Starts immediatelyImmediately,"₹ 8,000-10,000 /month",2 days ago,https://internshala.com/internship/detail/work-from-home-artificial-intelligence-ai-internship-at-shubh-international1709128535
69,Business Analytics,Across The Globe (ATG),[['Work From Home']],Immediately,Starts immediatelyImmediately,"₹ 5,000-10,000 /month",2 days ago,https://internshala.com/internship/detail/work-from-home-part-time-business-analytics-internship-at-across-the-globe-atg1709128433
70,Machine Learning,Shubh International,[['Work From Home']],Immediately,Starts immediatelyImmediately,"₹ 14,000-16,000 /month",2 days ago,https://internshala.com/internship/detail/work-from-home-part-time-machine-learning-internship-at-shubh-international1709128360
71,Blockchain Development,Shubh International,[['Work From Home']],Immediately,Starts immediatelyImmediately,"₹ 10,000-15,000 /month",2 days ago,https://internshala.com/internship/detail/work-from-home-blockchain-development-internship-at-shubh-international1709128276
72,Blockchain Development,Avaari,[['Work From Home']],Immediately,Starts immediatelyImmediately,"₹ 18,000 /month",2 days ago,https://internshala.com/internship/detail/work-from-home-blockchain-development-internship-at-avaari1709128093
73,Machine Learning,Avaari,[['Work From Home']],Immediately,Starts immediatelyImmediately,"₹ 15,000 /month",2 days ago,https://internshala.com/internship/detail/work-from-home-machine-learning-internship-at-avaari1709128081
74,Artificial Intelligence (AI),Avaari,[['Work From Home']],Immediately,Starts immediatelyImmediately,"₹ 15,000 /month",2 days ago,https://internshala.com/internship/detail/work-from-home-artificial-intelligence-ai-internship-at-avaari1709127972
75,Machine Learning,MentorBoxx,[['Work From Home']],Immediately,Starts immediatelyImmediately,"₹ 25,000 /month",2 days ago,https://internshala.com/internship/detail/work-from-home-part-time-machine-learning-internship-at-mentorboxx1709125872
76,Artificial Intelligence (AI),MentorBoxx,[['Work From Home']],Immediately,Starts immediatelyImmediately,"₹ 25,000 /month",2 days ago,https://internshala.com/internship/detail/work-from-home-part-time-artificial-intelligence-ai-internship-at-mentorboxx1709125797
77,Finance & Accounting,GoMechanic,[['Gurgaon']],Immediately,Starts immediatelyImmediately,"₹ 10,000 /month",2 days ago,https://internshala.com/internship/detail/finance-accounting-internship-in-gurgaon-at-gomechanic1709124423
78,Securities Analyst,Tradeshala,[['Work From Home']],Immediately,Starts immediatelyImmediately,"₹ 15,000 lump sum +  Incentives",2 days ago,https://internshala.com/internship/detail/work-from-home-securities-analyst-internship-at-tradeshala1709124000
79,Operations,Amar Ujala,[['Noida']],Immediately,Starts immediatelyImmediately,"₹ 2,000 /month",2 days ago,https://internshala.com/internship/detail/operations-internship-in-noida-at-amar-ujala1709123795
80,Artificial Intelligence (AI),DataBrain,[['Work From Home']],Immediately,Starts immediatelyImmediately,"₹ 8,000 /month",4 days ago,https://internshala.com/internship/detail/work-from-home-artificial-intelligence-ai-internship-at-databrain1709122904
81,Market Research,Mangla Stone Group,[['Delhi']],Immediately,Starts immediatelyImmediately,"₹ 10,000 /month",4 days ago,https://internshala.com/internship/detail/market-research-internship-in-delhi-at-mangla-stone-group1709121935
82,Data Research,Bytesview Analytics Private Limited,[['Noida']],Immediately,Starts immediatelyImmediately,"₹ 7,000 /month",4 days ago,https://internshala.com/internship/detail/data-research-internship-in-noida-at-bytesview-analytics-private-limited1709121665
83,Blockchain Development,Buddha Education Association Incorporation,[['Work From Home']],Immediately,Starts immediatelyImmediately,"₹ 18,000 /month",4 days ago,https://internshala.com/internship/detail/work-from-home-blockchain-development-internship-at-buddha-education-association-incorporation1709119371
84,Artificial Intelligence (AI),Buddha Education Association Incorporation,[['Work From Home']],Immediately,Starts immediatelyImmediately,"₹ 15,000 /month",4 days ago,https://internshala.com/internship/detail/work-from-home-artificial-intelligence-ai-internship-at-buddha-education-association-incorporation1709118743
85,Machine Learning,Buddha Education Association Incorporation,[['Work From Home']],Immediately,Starts immediatelyImmediately,"₹ 18,000 /month",4 days ago,https://internshala.com/internship/detail/work-from-home-part-time-machine-learning-internship-at-buddha-education-association-incorporation1709118729
86,Programming,Stipe Solutions,[['Bangalore']],Immediately,Starts immediatelyImmediately,"₹ 6,000 /month",4 days ago,https://internshala.com/internship/detail/programming-internship-in-bangalore-at-stipe-solutions1709116398
87,Data Acquisition (US Shift),AntWalk,[['Work From Home']],Immediately,Starts immediatelyImmediately,"₹ 10,000-15,000 /month",4 days ago,https://internshala.com/internship/detail/work-from-home-data-acquisition-us-shift-internship-at-antwalk1709110771
88,Human Resources (HR),Go Colors India,[['Chennai']],Immediately,Starts immediatelyImmediately,"₹ 5,000 /month",4 days ago,https://internshala.com/internship/detail/human-resources-hr-internship-in-chennai-at-go-colors-india1709099461
89,Embedded Firmware & Hardware Developer,Ksham Innovation Private Limited,"[['Vishakhapatnam', 'Kanpur']]",Immediately,Starts immediatelyImmediately,"₹ 3,000-8,000 /month",4 days ago,https://internshala.com/internship/detail/embedded-firmware-hardware-developer-internship-in-multiple-locations-at-ksham-innovation-private-limited1709097319
90,Full Stack Data Engineering,Blackcoffer,[['Work From Home']],Immediately,Starts immediatelyImmediately,"₹ 10,000-12,000 /month",4 days ago,https://internshala.com/internship/detail/work-from-home-full-stack-data-engineering-internship-at-blackcoffer1709096463
91,Network Automation & QA Intern,COSGrid Systems Private Limited,[['Chennai']],Immediately,Starts immediatelyImmediately,"₹ 15,000-20,000 /month",4 days ago,https://internshala.com/internship/detail/network-automation-qa-intern-internship-in-chennai-at-cosgrid-systems-private-limited1709095701
92,Capital Market Analyst,Tradeshala,[['Work From Home']],Immediately,Starts immediatelyImmediately,"₹ 15,000 lump sum",4 days ago,https://internshala.com/internship/detail/work-from-home-capital-market-analyst-internship-at-tradeshala1709093144
93,DevOps,Across The Globe (ATG),[['Work From Home']],Immediately,Starts immediatelyImmediately,"₹ 1,500 /month +  Incentives",4 days ago,https://internshala.com/internship/detail/work-from-home-part-time-devops-internship-at-across-the-globe-atg1709041280
94,Fleet Management,Fullfily,[['Chennai']],Immediately,Starts immediatelyImmediately,"₹ 7,000 /month",4 days ago,https://internshala.com/internship/detail/fleet-management-internship-in-chennai-at-fullfily1709036638
95,Customer Service/Customer Support,Sangachadwam Trust,[['Bangalore']],Immediately,Starts immediatelyImmediately,Unpaid,4 days ago,https://internshala.com/internship/detail/customer-service-customer-support-internship-in-bangalore-at-sangachadwam-trust1709036565
96,Data Entry,603 The CoWorking Space India,[['Mumbai']],Immediately,Starts immediatelyImmediately,"₹ 5,000 /month",4 days ago,https://internshala.com/internship/detail/data-entry-internship-in-mumbai-at-603-the-coworking-space-india1709034372
97,Business Analytics,GrayQuest Education Finance Private Limited,"[['Bangalore', 'Hyderabad', 'Bhopal', 'Mumbai', 'Jaipur', 'Lucknow', 'Chennai', 'Delhi']]",Immediately,Starts immediatelyImmediately,"₹ 30,000 /month",4 days ago,https://internshala.com/internship/detail/business-analytics-internship-in-multiple-locations-at-grayquest-education-finance-private-limited1709028297
98,Data Analytics,Data Lumina,[['Pune']],"
                                1 Apr - 15 Apr' 24                            ",1 Apr - 15 Apr' 24,"₹ 2,500 /week",4 days ago,https://internshala.com/internship/detail/data-analytics-internship-in-pune-at-data-lumina1709019823
99,Electronics Engineering,RA Global Tech Solutions LLP,[['Mumbai']],Immediately,Starts immediatelyImmediately,"₹ 5,000 /month",4 days ago,https://internshala.com/internship/detail/electronics-engineering-internship-in-mumbai-at-ra-global-tech-solutions-llp1709015315
100,Business Research,Blue Horn Technologies,[['Kolkata']],Immediately,Starts immediatelyImmediately,"₹ 5,000-7,500 /month",4 days ago,https://internshala.com/internship/detail/part-time-business-research-internship-in-kolkata-at-blue-horn-technologies1709020102
101,Python Development,"Third Origin LLC (Charlotte, United States)",[['Work From Home']],Immediately,Starts immediatelyImmediately,"₹ 5,000 /month",4 days ago,https://internshala.com/internship/detail/work-from-home-python-development-internship-at-third-origin-llc1709009766
102,Full Stack Development,Idea Usher,[['Work From Home']],Immediately,Starts immediatelyImmediately,"₹ 15,000-18,000 /month",4 days ago,https://internshala.com/internship/detail/work-from-home-full-stack-development-internship-at-idea-usher1708957555
103,Data Analytics,"Rajat Khanna (New Orleans, United States)",[['Work From Home']],Immediately,Starts immediatelyImmediately,"₹ 1,000 /month",4 days ago,https://internshala.com/internship/detail/work-from-home-data-analytics-internship-at-rajat-khanna1709006286
104,Equity Analyst,Paragon Finance Limited,[['Ranchi']],Immediately,Starts immediatelyImmediately,"₹ 2,000-4,000 /month",4 days ago,https://internshala.com/internship/detail/equity-analyst-internship-in-ranchi-at-paragon-finance-limited1708957379
105,Business Analytics,DigiVerifi Private Limited,[['Noida']],Immediately,Starts immediatelyImmediately,"₹ 7,000 /month",4 days ago,https://internshala.com/internship/detail/business-analytics-internship-in-noida-at-digiverifi-private-limited1708955230
106,Artificial Intelligence (AI),Shravan Singh (Sachtak),[['Ahmedabad']],Immediately,Starts immediatelyImmediately,"₹ 8,500 /month",4 days ago,https://internshala.com/internship/detail/artificial-intelligence-ai-internship-in-ahmedabad-at-shravan-singh-sachtak1708953598
107,Embedded Systems,Footryx Healthcare Private Limited,[['Hyderabad']],Immediately,Starts immediatelyImmediately,"₹ 6,000 /month +  Incentives",4 days ago,https://internshala.com/internship/detail/part-time-embedded-systems-internship-in-hyderabad-at-footryx-healthcare-private-limited1708953102
108,Market Research,LogicLoom IT Solutions Private Limited,[['Work From Home']],Immediately,Starts immediatelyImmediately,"₹ 5,000 /month",4 days ago,https://internshala.com/internship/detail/work-from-home-market-research-internship-at-logicloom-it-solutions-private-limited1708953093
109,Human Resources (HR),Augur Talent,[['Hyderabad']],Immediately,Starts immediatelyImmediately,"₹ 5,000-12,000 /month",4 days ago,https://internshala.com/internship/detail/human-resources-hr-internship-in-hyderabad-at-augur-talent1708941457
110,Excel Data Automation Specialist,Advertising Saga,[['Work From Home']],Immediately,Starts immediatelyImmediately,"₹ 10,000 /month",4 days ago,https://internshala.com/internship/detail/work-from-home-excel-data-automation-specialist-internship-at-advertising-saga1708947739
111,Data Science,Inorbvict Healthcare India Private Limited,[['Pune']],Immediately,Starts immediatelyImmediately,"₹ 6,000 /month",4 days ago,https://internshala.com/internship/detail/data-science-internship-in-pune-at-inorbvict-healthcare-india-private-limited1708935278
112,Embedded Systems,PMS INDIA,[['Chennai']],Immediately,Starts immediatelyImmediately,"₹ 10,000 /month",4 days ago,https://internshala.com/internship/detail/embedded-systems-internship-in-chennai-at-pms-india1708927884
113,Inside Sales,Dhaal Healthcare Private Limited,[['Noida']],Immediately,Starts immediatelyImmediately,"₹ 12,000-15,000 /month",4 days ago,https://internshala.com/internship/detail/inside-sales-internship-in-noida-at-dhaal-healthcare-private-limited1708934607
114,Computer Science Tutor,Slatemates,[['Work From Home']],Immediately,Starts immediatelyImmediately,"₹ 10,000 /month",4 days ago,https://internshala.com/internship/detail/work-from-home-part-time-computer-science-tutor-internship-at-slatemates1708934534
115,Human Resources (HR),The Language Network,[['Mumbai']],Immediately,Starts immediatelyImmediately,"₹ 10,000-12,000 /month",4 days ago,https://internshala.com/internship/detail/human-resources-hr-internship-in-mumbai-at-the-language-network1708932074
116,Computer Teacher,CogniAble,[['Dona Paula']],Immediately,Starts immediatelyImmediately,"₹ 12,000 /month",4 days ago,https://internshala.com/internship/detail/part-time-computer-teacher-internship-in-dona-paula-at-cogniable1708931500
117,Internet Of Things (IoT),Bluestonez Private Limited,[['Gurgaon']],Immediately,Starts immediatelyImmediately,"₹ 15,000 /month",4 days ago,https://internshala.com/internship/detail/internet-of-things-iot-internship-in-gurgaon-at-bluestonez-private-limited1708930379
118,Generative AI Machine Learning,Arakoo.ai,[['Work From Home']],Immediately,Starts immediatelyImmediately,"₹ 20,000 /month",4 days ago,https://internshala.com/internship/detail/work-from-home-generative-ai-machine-learning-internship-at-arakooai1708929143
119,Product Management,GiveIndia,[['Work From Home']],Immediately,Starts immediatelyImmediately,"₹ 15,000 /month",4 days ago,https://internshala.com/internship/detail/work-from-home-product-management-internship-at-giveindia1708926637
120,Social Media Outreach,Help And Hygiene For All Foundation,[['Work From Home']],Immediately,Starts immediatelyImmediately,Unpaid,6 days ago,https://internshala.com/internship/detail/work-from-home-part-time-social-media-outreach-internship-at-help-and-hygiene-for-all-foundation1708923215
121,Web Development,Celebrare,[['Work From Home']],Immediately,Starts immediatelyImmediately,"₹ 6,000-12,000 /month",6 days ago,https://internshala.com/internship/detail/work-from-home-web-development-internship-at-celebrare1708921152
122,Artificial Intelligence (AI),Digipplus,[['Work From Home']],Immediately,Starts immediatelyImmediately,"₹ 25,000 /month",6 days ago,https://internshala.com/internship/detail/work-from-home-part-time-artificial-intelligence-ai-internship-at-digipplus1708920963
123,AI Engineer For An Agent-Driven B2B SaaS With Proprietary Model,Siddharth Chopda,[['Work From Home']],Immediately,Starts immediatelyImmediately,$ 200-400 /month,6 days ago,https://internshala.com/internship/detail/work-from-home-ai-engineer-for-an-agent-driven-b2b-saas-with-proprietary-model-internship-at-siddharth-chopda1708838611
124,Google Ads Marketing,Ayurveda House Private Limited,[['Delhi']],Immediately,Starts immediatelyImmediately,"₹ 8,000-10,000 /month",6 days ago,https://internshala.com/internship/detail/google-ads-marketing-internship-in-delhi-at-ayurveda-house-private-limited1708776978
125,Business Analytics,MentorBoxx,"[['Ahmedabad', 'Chandigarh', 'Indore', 'Kolkata', 'Pune', 'Bangalore', 'Hyderabad', 'Bhopal', 'Mumbai', 'Chennai', 'Delhi', 'Gurgaon', 'Jaipur', 'Noida', 'Bhopalgarh']]",Immediately,Starts immediatelyImmediately,"₹ 18,000 /month",6 days ago,https://internshala.com/internship/detail/part-time-business-analytics-internship-in-multiple-locations-at-mentorboxx1708772782
126,Data Science,MentorBoxx,[['Work From Home']],Immediately,Starts immediatelyImmediately,"₹ 18,000 /month",6 days ago,https://internshala.com/internship/detail/work-from-home-part-time-data-science-internship-at-mentorboxx1708772743
127,Product Marketing,Flair Insights,[['Work From Home']],Immediately,Starts immediatelyImmediately,"₹ 3,000 /month +  Incentives",6 days ago,https://internshala.com/internship/detail/work-from-home-product-marketing-internship-at-flair-insights1708771744
128,Software Development,RevoltronX,[['Work From Home']],Immediately,Starts immediatelyImmediately,"₹ 2,000 /month",6 days ago,https://internshala.com/internship/detail/work-from-home-software-development-internship-at-revoltronx1708756147
129,Backend Development,Techwondoe India Private Limited,[['Work From Home']],Immediately,Starts immediatelyImmediately,"₹ 10,000-20,000 /month",6 days ago,https://internshala.com/internship/detail/work-from-home-backend-development-internship-at-techwondoe-india-private-limited1708753752
130,Artificial Intelligence & Machine Learning,NatWest Group,[['Gurgaon']],Immediately,Starts immediatelyImmediately,"₹ 45,000 /month",6 days ago,https://internshala.com/internship/detail/artificial-intelligence-machine-learning-internship-in-gurgaon-at-natwest-group1708751091
131,Sales Intelligence,DeepThought Edutech Ventures Private Limited,[['Work From Home']],Immediately,Starts immediatelyImmediately,"₹ 2,000 /month",6 days ago,https://internshala.com/internship/detail/work-from-home-part-time-sales-intelligence-internship-at-deepthought-edutech-ventures-private-limited1708736456
132,Digital Marketing,Fresh Purple By Vibha,[['Work From Home']],Immediately,Starts immediatelyImmediately,"₹ 2,500 /month",6 days ago,https://internshala.com/internship/detail/work-from-home-digital-marketing-internship-at-fresh-purple-by-vibha1708692055
133,Business Analytics,Aroma Curry,[['Work From Home']],Immediately,Starts immediatelyImmediately,"₹ 17,000 /month",6 days ago,https://internshala.com/internship/detail/work-from-home-part-time-business-analytics-internship-at-aroma-curry1708687387
134,Subject Matter Expert (SME)- AI/ML,House Of Couton Private Limited,[['Work From Home']],Immediately,Starts immediatelyImmediately,"₹ 12,000-30,000 /month",6 days ago,https://internshala.com/internship/detail/work-from-home-part-time-subject-matter-expert-sme-ai-ml-internship-at-house-of-couton-private-limited1708687270
135,Python Development,Codezero2pi Solution (OPC) Private Limited,[['Work From Home']],Immediately,Starts immediatelyImmediately,"₹ 7,000 /month",6 days ago,https://internshala.com/internship/detail/work-from-home-python-development-internship-at-codezero2pi-solution-opc-private-limited1708686962
136,Data Engineering (Snowflake),HaZZten,[['Work From Home']],Immediately,Starts immediatelyImmediately,"₹ 20,000 /month",6 days ago,https://internshala.com/internship/detail/work-from-home-data-engineering-snowflake-internship-at-hazzten1708675881
137,Lead Generation,The Overseas Consultant,[['Mumbai']],Immediately,Starts immediatelyImmediately,"₹ 6,000-7,000 /month",6 days ago,https://internshala.com/internship/detail/part-time-lead-generation-internship-in-mumbai-at-the-overseas-consultant1708675374
138,Electronics Engineer,Aerosight Technologies Private Limited,[['Bangalore']],Immediately,Starts immediatelyImmediately,"₹ 7,000 /month +  Incentives",6 days ago,https://internshala.com/internship/detail/electronics-engineer-internship-in-bangalore-at-aerosight-technologies-private-limited1708671004
139,AI Engineering,Systemic Altruism,[['Work From Home']],Immediately,Starts immediatelyImmediately,"₹ 7,000 /month",6 days ago,https://internshala.com/internship/detail/work-from-home-ai-engineering-internship-at-systemic-altruism1708665872
140,AI Technology,Clipbait Media Private Limited,[['Bangalore']],Immediately,Starts immediatelyImmediately,"₹ 10,000 /month",6 days ago,https://internshala.com/internship/detail/ai-technology-internship-in-bangalore-at-clipbait-media-private-limited1708665373
141,Full Stack Development,Health Hub India,[['Pune']],Immediately,Starts immediatelyImmediately,"₹ 10,000-15,000 /month",6 days ago,https://internshala.com/internship/detail/full-stack-development-internship-in-pune-at-health-hub-india1708665387
142,Python Development,FynTune Solution Private Limited,[['Navi Mumbai']],Immediately,Starts immediatelyImmediately,"₹ 12,000 /month",6 days ago,https://internshala.com/internship/detail/python-development-internship-in-navi-mumbai-at-fyntune-solution-private-limited1708664769
143,Sales Consultant,Decathlon,[['Mumbai']],Immediately,Starts immediatelyImmediately,"₹ 10,000-15,000 /month",6 days ago,https://internshala.com/internship/detail/part-time-sales-consultant-internship-in-mumbai-at-decathlon1708662757
144,Data Analytics,Jyoti Arora,[['Haryana']],Immediately,Starts immediatelyImmediately,"₹ 15,000 /month +  Incentives",6 days ago,https://internshala.com/internship/detail/part-time-data-analytics-internship-in-haryana-at-jyoti-arora1708608028
145,Data Entry,Bidaal Technology Private Limited,[['Bangalore']],Immediately,Starts immediatelyImmediately,"₹ 12,000 /month",6 days ago,https://internshala.com/internship/detail/data-entry-internship-in-bangalore-at-bidaal-technology-private-limited1708606878
146,Software Development,Foreignerds,"[['Gautam Buddha Nagar', 'Noida', 'Delhi', 'Greater Noida']]",Immediately,Starts immediatelyImmediately,"₹ 5,000-10,000 /month",6 days ago,https://internshala.com/internship/detail/software-development-internship-in-multiple-locations-at-foreignerds1708603483
147,Data Analytics,The HR Mindset Corporate Service Limited,[['Work From Home']],Immediately,Starts immediatelyImmediately,"₹ 5,000 /month",6 days ago,https://internshala.com/internship/detail/work-from-home-data-analytics-internship-at-the-hr-mindset-corporate-service-limited1708602877
148,Backend Development,Foreignerds,[['Noida']],Immediately,Starts immediatelyImmediately,"₹ 5,000-10,000 /month",6 days ago,https://internshala.com/internship/detail/backend-development-internship-in-noida-at-foreignerds1708600737
149,Business Research,Radiant Infonet Private Limited,"[['Delhi', 'Noida']]",Immediately,Starts immediatelyImmediately,"₹ 15,000 /month",6 days ago,https://internshala.com/internship/detail/business-research-internship-in-multiple-locations-at-radiant-infonet-private-limited1708600087
150,Mentor (Coding),Clevered,[['Bareily']],Immediately,Starts immediatelyImmediately,"₹ 10,000 /month",6 days ago,https://internshala.com/internship/detail/part-time-mentor-coding-internship-in-bareily-at-clevered1708597412
151,Data Science,"JP Dasolt (London, United Kingdom)",[['Work From Home']],Immediately,Starts immediatelyImmediately,"₹ 1,000 /month +  Incentives",6 days ago,https://internshala.com/internship/detail/work-from-home-data-science-internship-at-jp-dasolt1708594035
152,AI Science,Future Skills,[['Work From Home']],Immediately,Starts immediatelyImmediately,"₹ 2,000 /month",6 days ago,https://internshala.com/internship/detail/work-from-home-part-time-ai-science-internship-at-future-skills1708592040
153,Artificial Intelligence (AI),Avaari,"[['Raipur', 'Ludhiana', 'Kochi', 'Noida', 'Indore', 'Bangalore', 'Hyderabad', 'Chennai', 'Coimbatore', 'Delhi', 'Guwahati', 'Gurgaon', 'Ahmedabad', 'Chandigarh', 'Bhopal']]",Immediately,Starts immediatelyImmediately,"₹ 25,000 /month",6 days ago,https://internshala.com/internship/detail/part-time-artificial-intelligence-ai-internship-in-multiple-locations-at-avaari1708589631
154,Machine Learning,Avaari,"[['Karnataka', 'Andhra Pradesh', 'Mumbai', 'Kochi', 'Jaipur', 'Ghaziabad', 'Gurgaon', 'Chennai', 'Delhi', 'Amritsar', 'Hyderabad', 'Pune', 'Bangalore', 'Kolkata']]",Immediately,Starts immediatelyImmediately,"₹ 25,000 /month",6 days ago,https://internshala.com/internship/detail/part-time-machine-learning-internship-in-multiple-locations-at-avaari1708586291
155,Blockchain Development,Avaari,"[['Hyderabad', 'Bhopal', 'Pune', 'Bangalore', 'Indore', 'Kolkata', 'Delhi', 'Gwalior West', 'Noida', 'Raipur', 'Mumbai', 'Jaipur', 'Bhubaneswar', 'Chennai', 'Andhra Pradesh']]",Immediately,Starts immediatelyImmediately,"₹ 20,000 /month",6 days ago,https://internshala.com/internship/detail/part-time-blockchain-development-internship-in-multiple-locations-at-avaari1708586231
156,Django Developer,Ayurveda House Private Limited,[['Delhi']],Immediately,Starts immediatelyImmediately,"₹ 25,000-30,000 /month",6 days ago,https://internshala.com/internship/detail/django-developer-internship-in-delhi-at-ayurveda-house-private-limited1708585662
157,Data Science,Zephyr Technologies And Solutions Private Limited,"[['Kumta', 'Karwar', 'Bhatkal', 'Murdeshwar', 'Ankola', 'Mangalore', 'Honnavar', 'Moodbidri', 'Udupi', 'Belthangady', 'Puttur', 'Sullia', 'Kundapura']]",Immediately,Starts immediatelyImmediately,"₹ 2,000 /month +  Incentives",6 days ago,https://internshala.com/internship/detail/data-science-internship-in-multiple-locations-at-zephyr-technologies-and-solutions-private-limited1708584487
158,Cyber Security,Jarvics Technologies,"[['Ambala', 'Ludhiana', 'Una', 'Mohali', 'Chandigarh', 'Punjab']]",Immediately,Starts immediatelyImmediately,"₹ 7,000-12,000 /month",6 days ago,https://internshala.com/internship/detail/cyber-security-internship-in-multiple-locations-at-jarvics-technologies1708581764
159,Mechanical Engineering,Tvarit GmbH,[['Pune']],"
                                1 Apr - 30 Apr' 24                            ",1 Apr - 30 Apr' 24,"₹ 10,000-15,000 /month",6 days ago,https://internshala.com/internship/detail/mechanical-engineering-internship-in-pune-at-tvarit-gmbh1708580298
160,Software Development,Vikas Choudhary,[['Hyderabad']],Immediately,Starts immediatelyImmediately,"₹ 18,000-20,000 /month",1 week ago,https://internshala.com/internship/detail/software-development-internship-in-hyderabad-at-vikas-choudhary1708580256
161,Technology Events Coordinator,Virtualqaptive Consulting Services Private Limited,[['Work From Home']],Immediately,Starts immediatelyImmediately,"₹ 3,000 /month",1 week ago,https://internshala.com/internship/detail/work-from-home-technology-events-coordinator-internship-at-virtualqaptive-consulting-services-private-limited1708577864
162,Automated Sales Software Development,Bijon Trading Private Limited (Genotek),[['Work From Home']],Immediately,Starts immediatelyImmediately,"₹ 5,000-25,000 /month",1 week ago,https://internshala.com/internship/detail/work-from-home-automated-sales-software-development-internship-at-bijon-trading-private-limited-genotek1708576729
163,Outreach And Sales Analyst,PLxN World Private Limited,[['Delhi']],Immediately,Starts immediatelyImmediately,"₹ 15,000 /month",1 week ago,https://internshala.com/internship/detail/outreach-and-sales-analyst-internship-in-delhi-at-plxn-world-private-limited1708576056
164,Data Collection,"The Indian Institute Of Technology, Bombay (IITB)",[['Mumbai']],Immediately,Starts immediatelyImmediately,"₹ 2,000 /month",1 week ago,https://internshala.com/internship/detail/data-collection-internship-in-mumbai-at-the-indian-institute-of-technology-bombay-iitb1708575961
165,Mobile App Development,Beaut Group,[['Bangalore']],Immediately,Starts immediatelyImmediately,"₹ 7,000-8,000 /month",1 week ago,https://internshala.com/internship/detail/mobile-app-development-internship-in-bangalore-at-beaut-group1708530629
166,Search Engine Optimization (SEO),Hotel Dekho.com Private Limited,[['Jaipur']],Immediately,Starts immediatelyImmediately,"₹ 8,000 /month",1 week ago,https://internshala.com/internship/detail/search-engine-optimization-seo-internship-in-jaipur-at-hotel-dekhocom-private-limited1708519311
167,Artificial Intelligence (AI),Ayati Devices Private Limited,[['Bangalore']],Immediately,Starts immediatelyImmediately,"₹ 12,000 /month +  Incentives",1 week ago,https://internshala.com/internship/detail/artificial-intelligence-ai-internship-in-bangalore-at-ayati-devices-private-limited1708518624
168,Business Development (Sales),GlobusLearn Services India Pvt Ltd,"[['Ropar', 'Mohali', 'Panchkula', 'Kharar', 'Chandigarh']]",Immediately,Starts immediatelyImmediately,"₹ 5,000-7,500 /month",1 week ago,https://internshala.com/internship/detail/business-development-sales-internship-in-multiple-locations-at-globuslearn-services-india-pvt-ltd1708515941
169,BPM-RPA-AI Cross Speciality,"Expertel SA - Proceedit (Barcelona, España)",[['Work From Home']],Immediately,Starts immediatelyImmediately,"₹ 1,000 /month",1 week ago,https://internshala.com/internship/detail/work-from-home-part-time-bpm-rpa-ai-cross-speciality-internship-at-expertel-sa-proceedit1708514930
170,Business Process Automation,"Expertel SA - Proceedit (Barcelona, España)",[['Work From Home']],Immediately,Starts immediatelyImmediately,"₹ 1,000 /month",1 week ago,https://internshala.com/internship/detail/work-from-home-part-time-business-process-automation-internship-at-expertel-sa-proceedit1708514888
171,"Big Data, IoT & Analytics","Expertel SA - Proceedit (Barcelona, España)",[['Work From Home']],Immediately,Starts immediatelyImmediately,"₹ 1,000 /month",1 week ago,https://internshala.com/internship/detail/work-from-home-part-time-big-data-iot-analytics-internship-at-expertel-sa-proceedit1708514847
172,Robotic Process Automation,"Expertel SA - Proceedit (Barcelona, España)",[['Work From Home']],Immediately,Starts immediatelyImmediately,"₹ 1,000 /month",1 week ago,https://internshala.com/internship/detail/work-from-home-part-time-robotic-process-automation-internship-at-expertel-sa-proceedit1708510680
173,Backend Applications Development,"Expertel SA - Proceedit (Barcelona, España)",[['Work From Home']],Immediately,Starts immediatelyImmediately,"₹ 1,000 /month",1 week ago,https://internshala.com/internship/detail/work-from-home-part-time-backend-applications-development-internship-at-expertel-sa-proceedit1708510451
174,Python Development,Celebrare,[['Work From Home']],Immediately,Starts immediatelyImmediately,"₹ 6,000-12,000 /month",1 week ago,https://internshala.com/internship/detail/work-from-home-python-development-internship-at-celebrare1708509698
175,Artificial Intelligence (AI),Techdome Solutions Private Limited,[['Indore']],Immediately,Starts immediatelyImmediately,"₹ 6,000-10,000 /month",1 week ago,https://internshala.com/internship/detail/artificial-intelligence-ai-internship-in-indore-at-techdome-solutions-private-limited1708508336
176,App Full-stack Development,"Expertel SA - Proceedit (Barcelona, España)",[['Work From Home']],Immediately,Starts immediatelyImmediately,"₹ 1,000 /month",1 week ago,https://internshala.com/internship/detail/work-from-home-part-time-app-full-stack-development-internship-at-expertel-sa-proceedit1708507758
177,Financial Analytics,Analystt.ai,[['Work From Home']],Immediately,Starts immediatelyImmediately,"₹ 5,000 /month",1 week ago,https://internshala.com/internship/detail/work-from-home-financial-analytics-internship-at-analysttai1708506975
178,Mutual Fund Research Analyst,Armstrong Capital Advisory,[['Bangalore']],Immediately,Starts immediatelyImmediately,"₹ 15,000 /month",1 week ago,https://internshala.com/internship/detail/mutual-fund-research-analyst-internship-in-bangalore-at-armstrong-capital-advisory1708505594
179,Python Development,Jarvics Technologies,"[['Kharar', 'Mohali', 'Kurali', 'Ropar']]",Immediately,Starts immediatelyImmediately,"₹ 7,000-12,000 /month",1 week ago,https://internshala.com/internship/detail/python-development-internship-in-multiple-locations-at-jarvics-technologies1708502477
180,Business Development (Sales),EO Energy Private Limited,"[['Delhi', 'Ghaziabad', 'Gurgaon', 'Greater Noida', 'Pune', 'Noida']]",Immediately,Starts immediatelyImmediately,"₹ 5,000 /month",1 week ago,https://internshala.com/internship/detail/part-time-business-development-sales-internship-in-multiple-locations-at-eo-energy-private-limited1708501640
181,Full Stack Development,Go Digital Technology Consulting,[['Mumbai']],Immediately,Starts immediatelyImmediately,"₹ 15,000 /month",1 week ago,https://internshala.com/internship/detail/full-stack-development-internship-in-mumbai-at-go-digital-technology-consulting1708498444
182,Backend Development,Excell Technology Ventures Private Limited,[['Pune']],Immediately,Starts immediatelyImmediately,"₹ 15,000 /month",1 week ago,https://internshala.com/internship/detail/backend-development-internship-in-pune-at-excell-technology-ventures-private-limited1708498294
183,Product Management,Chinmaya Bhardwaj,[['Work From Home']],Immediately,Starts immediatelyImmediately,"₹ 1,000 /month",1 week ago,https://internshala.com/internship/detail/work-from-home-part-time-product-management-internship-at-chinmaya-bhardwaj1708497345
184,Big Data,Go Digital Technology Consulting,[['Mumbai']],Immediately,Starts immediatelyImmediately,"₹ 15,000 /month",1 week ago,https://internshala.com/internship/detail/big-data-internship-in-mumbai-at-go-digital-technology-consulting1708494911
185,Artificial Intelligence (AI),Shubh International,"[['Jaipur', 'Noida', 'Nagpur', 'Nashik', 'Udaipur', 'Bangalore', 'Vadodara', 'Mumbai', 'Delhi', 'Gurgaon', 'Pune', 'Ranchi', 'Ahmedabad', 'Amritsar', 'Chandigarh']]",Immediately,Starts immediatelyImmediately,"₹ 8,000-10,000 /month",1 week ago,https://internshala.com/internship/detail/part-time-artificial-intelligence-ai-internship-in-multiple-locations-at-shubh-international1708490034
186,Content Writing,Eumentis Informatics Private Limited,[['Pune']],Immediately,Starts immediatelyImmediately,"₹ 6,000 /month",1 week ago,https://internshala.com/internship/detail/content-writing-internship-in-pune-at-eumentis-informatics-private-limited1708424386
187,Web Development,House Of Couton Private Limited,[['Work From Home']],Immediately,Starts immediatelyImmediately,"₹ 5,000-10,000 /month",1 week ago,https://internshala.com/internship/detail/work-from-home-part-time-web-development-internship-at-house-of-couton-private-limited1708422518
188,Social Media Marketing,Azrah,[['Work From Home']],Immediately,Starts immediatelyImmediately,"₹ 1,500-2,000 /month",1 week ago,https://internshala.com/internship/detail/work-from-home-part-time-social-media-marketing-internship-at-azrah1708412087
189,Software Engineering (Backend),Impact Analytics,[['Bangalore']],Immediately,Starts immediatelyImmediately,"₹ 15,000 /month",1 week ago,https://internshala.com/internship/detail/software-engineering-backend-internship-in-bangalore-at-impact-analytics1708413144
190,Python Development,Visual Verb,"[['Bangalore', 'Chennai']]",Immediately,Starts immediatelyImmediately,"₹ 8,000 /month",1 week ago,https://internshala.com/internship/detail/python-development-internship-in-multiple-locations-at-visual-verb1708411875
191,Python Development,Weroute Systems Private Limited,[['Bangalore']],Immediately,Starts immediatelyImmediately,"₹ 10,000 /month",1 week ago,https://internshala.com/internship/detail/python-development-internship-in-bangalore-at-weroute-systems-private-limited1708411703
192,Social Media Marketing,Leadstosell.com,[['Pune']],Immediately,Starts immediatelyImmediately,"₹ 4,000-6,000 /month",1 week ago,https://internshala.com/internship/detail/social-media-marketing-internship-in-pune-at-leadstosellcom1708410384
193,Business/Marketing Field Research,Sustain Farmers,"[['Bangalore', 'Hyderabad']]",Immediately,Starts immediatelyImmediately,"₹ 8,000-15,000 /month",1 week ago,https://internshala.com/internship/detail/business-marketing-field-research-internship-in-multiple-locations-at-sustain-farmers1708407412
194,Operations Management,Pawzz,[['Work From Home']],Immediately,Starts immediatelyImmediately,"₹ 15,000-20,000 /month",1 week ago,https://internshala.com/internship/detail/work-from-home-operations-management-internship-at-pawzz1708407166
195,Technical Content Curator Management,Tech Analogy,[['Work From Home']],Immediately,Starts immediatelyImmediately,"₹ 1,000-3,500 /month",1 week ago,https://internshala.com/internship/detail/work-from-home-part-time-technical-content-curator-management-internship-at-tech-analogy1708407124
196,Artificial Intelligence (AI),Buddha Education Association Incorporation,"[['Goa Velha', 'Jaipur', 'Noida', 'Nagpur', 'Bangalore', 'Mumbai', 'Kolkata', 'Patna', 'Pune', 'Coimbatore', 'Delhi', 'Gurgaon', 'Chennai', 'Ranchi', 'Udaipur']]",Immediately,Starts immediatelyImmediately,"₹ 25,000 /month",1 week ago,https://internshala.com/internship/detail/artificial-intelligence-ai-internship-in-multiple-locations-at-buddha-education-association-incorporation1708406094
197,Machine Learning,Buddha Education Association Incorporation,"[['Indore', 'Pune', 'Ahmedabad', 'Chennai', 'Satna', 'Gwalior West', 'Bhopalgarh', 'Nagpur', 'Nashik', 'Jaipur', 'Mumbai', 'Bhopal', 'Surat', 'Bangalore']]",Immediately,Starts immediatelyImmediately,"₹ 25,000 /month",1 week ago,https://internshala.com/internship/detail/part-time-machine-learning-internship-in-multiple-locations-at-buddha-education-association-incorporation1708406054
198,Blockchain Development,Buddha Education Association Incorporation,"[['Mumbai', 'Noida', 'Faridabad', 'Udaipur', 'Surat', 'Patna', 'Pune', 'Kolkata', 'Gurgaon', 'Ghaziabad', 'Delhi', 'Dehradun', 'Chennai', 'Hyderabad', 'Bangalore']]",Immediately,Starts immediatelyImmediately,"₹ 18,000 /month",1 week ago,https://internshala.com/internship/detail/part-time-blockchain-development-internship-in-multiple-locations-at-buddha-education-association-incorporation1708405775
199,Digital Marketing,Luxemburg Business Consultants (P) Ltd.,[['Gurgaon']],Immediately,Starts immediatelyImmediately,"₹ 5,000 /month",1 week ago,https://internshala.com/internship/detail/digital-marketing-internship-in-gurgaon-at-luxemburg-business-consultants-p-ltd1708404324
200,Software Development,TerraBlu Climate Technologies Private Limited,[['Pune']],Immediately,Starts immediatelyImmediately,"₹ 10,000 /month",1 week ago,https://internshala.com/internship/detail/software-development-internship-in-pune-at-terrablu-climate-technologies-private-limited1708402775
201,Power Electronics Engineer,Apeiro Energy Private Limited,[['Ahmedabad']],Immediately,Starts immediatelyImmediately,"₹ 8,000-10,000 /month",1 week ago,https://internshala.com/internship/detail/power-electronics-engineer-internship-in-ahmedabad-at-apeiro-energy-private-limited1708362093
202,Social Media Marketing,Printila Services Private Limited,[['Work From Home']],Immediately,Starts immediatelyImmediately,"₹ 2,000-10,000 /month",1 week ago,https://internshala.com/internship/detail/work-from-home-part-time-social-media-marketing-internship-at-printila-services-private-limited1708359723
203,Embedded Systems,STEMpedia,[['Ahmedabad']],Immediately,Starts immediatelyImmediately,"₹ 10,000 /month",1 week ago,https://internshala.com/internship/detail/embedded-systems-internship-in-ahmedabad-at-stempedia1708337121
204,E-commerce Analyst,EKomn,[['Work From Home']],Immediately,Starts immediatelyImmediately,"₹ 4,000 /month",1 week ago,https://internshala.com/internship/detail/work-from-home-e-commerce-analyst-internship-at-ekomn1708336826
205,Application Development,1Solution,[['Work From Home']],Immediately,Starts immediatelyImmediately,"₹ 5,000-10,000 /month",1 week ago,https://internshala.com/internship/detail/work-from-home-application-development-internship-at-1solution1708336692
206,Product Management,Sameer Q,[['Work From Home']],Immediately,Starts immediatelyImmediately,"₹ 2,000 /month",1 week ago,https://internshala.com/internship/detail/work-from-home-part-time-product-management-internship-at-sameer-q1708332223
207,Data Science,Factacy.Ai,[['Gurgaon']],Immediately,Starts immediatelyImmediately,"₹ 12,000 /month",1 week ago,https://internshala.com/internship/detail/data-science-internship-in-gurgaon-at-factacyai1708331366
208,SAS Admin/Developer SAS 9.4/Viya 4,Avinyaz.com,[['Work From Home']],Immediately,Starts immediatelyImmediately,"₹ 10,000-15,000 /month",1 week ago,https://internshala.com/internship/detail/work-from-home-part-time-sas-admin-developer-sas-94-viya-4-internship-at-avinyazcom1708323538
209,Web Development (Django),Trade Brains,[['Bangalore']],Immediately,Starts immediatelyImmediately,"₹ 8,000-12,000 /month",1 week ago,https://internshala.com/internship/detail/web-development-django-internship-in-bangalore-at-trade-brains1708322585
210,Computer Vision,Wobot Intelligence Private Limited,[['Delhi']],Immediately,Starts immediatelyImmediately,"₹ 12,500 /month",1 week ago,https://internshala.com/internship/detail/computer-vision-internship-in-delhi-at-wobot-intelligence-private-limited1708321632
211,Technical Research & Development,Etechstars Private Limited,[['Work From Home']],Immediately,Starts immediatelyImmediately,"₹ 12,000 /month +  Incentives",1 week ago,https://internshala.com/internship/detail/work-from-home-technical-research-development-internship-at-etechstars-private-limited1708316271
212,Finance,DNK CONSULTANCY,[['Delhi']],Immediately,Starts immediatelyImmediately,"₹ 6,000 /month",1 week ago,https://internshala.com/internship/detail/finance-internship-in-delhi-at-dnk-consultancy1708265624
213,Social Media Scouting,Aam Aadmi Party,[['Work From Home']],Immediately,Starts immediatelyImmediately,Unpaid,1 week ago,https://internshala.com/internship/detail/work-from-home-part-time-social-media-scouting-internship-at-aam-aadmi-party1708258156
214,Web Analytics,Talent Corner HR Services,[['Mumbai']],Immediately,Starts immediatelyImmediately,"₹ 15,000 lump sum",1 week ago,https://internshala.com/internship/detail/web-analytics-internship-in-mumbai-at-talent-corner-hr-services1708244129
215,Marketing Data Analysis,Talent Corner HR Services,[['Mumbai']],Immediately,Starts immediatelyImmediately,"₹ 15,000 lump sum",1 week ago,https://internshala.com/internship/detail/marketing-data-analysis-internship-in-mumbai-at-talent-corner-hr-services1708243732
216,Social Media Outreach,Help And Hygiene For All Foundation,[['Work From Home']],Immediately,Starts immediatelyImmediately,Unpaid,1 week ago,https://internshala.com/internship/detail/work-from-home-part-time-social-media-outreach-internship-at-help-and-hygiene-for-all-foundation1708229461
217,Database Building/Management,ArtForHumanity Foundation,[['Work From Home']],Immediately,Starts immediatelyImmediately,"₹ 15,000-20,000 lump sum",1 week ago,https://internshala.com/internship/detail/work-from-home-database-building-management-internship-at-artforhumanity-foundation1708057350
218,Computer Vision,Indika AI Private Limited,[['Delhi']],Immediately,Starts immediatelyImmediately,"₹ 8,000-10,000 /month",1 week ago,https://internshala.com/internship/detail/computer-vision-internship-in-delhi-at-indika-ai-private-limited1708055456
219,Key Account Manager,YOptima Media Solutions Private Limited,"[['Mumbai', 'Navi Mumbai', 'Thane']]",Immediately,Starts immediatelyImmediately,"₹ 25,000 /month",1 week ago,https://internshala.com/internship/detail/key-account-manager-internship-in-multiple-locations-at-yoptima-media-solutions-private-limited1708320497
220,Data Engineering,Pianalytix Edutech Private Limted,[['Work From Home']],Immediately,Starts immediatelyImmediately,"₹ 20,000 /month",1 week ago,https://internshala.com/internship/detail/work-from-home-part-time-data-engineering-internship-at-pianalytix-edutech-private-limted1707883815
221,Business Analyst,Resolute AI Software Private Limited,[['Work From Home']],Immediately,Starts immediatelyImmediately,"₹ 10,000 /month",1 week ago,https://internshala.com/internship/detail/work-from-home-business-analyst-internship-at-resolute-ai-software-private-limited1707827700
222,Mobile App Development (AI-Based),Greendzine Technologies,[['Bangalore']],Immediately,Starts immediatelyImmediately,"₹ 18,000 /month",1 week ago,https://internshala.com/internship/detail/mobile-app-development-ai-based-internship-in-bangalore-at-greendzine-technologies1707798180
223,Educational Strategy And Research,Invest4Edu Private Limited,[['Work From Home']],Immediately,Starts immediatelyImmediately,"₹ 6,000 /month",1 week ago,https://internshala.com/internship/detail/work-from-home-part-time-educational-strategy-and-research-internship-at-invest4edu-private-limited1707740349
224,R&D - Power Electronics And Drives,Greendzine Technologies,[['Bangalore']],Immediately,Starts immediatelyImmediately,"₹ 18,000 /month",1 week ago,https://internshala.com/internship/detail/r-d-power-electronics-and-drives-internship-in-bangalore-at-greendzine-technologies1707731695
225,R&D - Robotics - Autonomous Navigation,Greendzine Technologies,[['Bangalore']],Immediately,Starts immediatelyImmediately,"₹ 18,000 /month",1 week ago,https://internshala.com/internship/detail/r-d-robotics-autonomous-navigation-internship-in-bangalore-at-greendzine-technologies1707731109
226,Data Analytics,Village Company,[['Greater Noida']],Immediately,Starts immediatelyImmediately,"₹ 5,000-6,000 /month",1 week ago,https://internshala.com/internship/detail/data-analytics-internship-in-greater-noida-at-village-company1708336712
227,Python Development,SurePass Technologies Private Limited,[['Work From Home']],Immediately,Starts immediatelyImmediately,"₹ 15,000 /month",1 week ago,https://internshala.com/internship/detail/work-from-home-python-development-internship-at-surepass-technologies-private-limited1707477665
228,Data Science,Emoolar Technology Private Limited,[['Work From Home']],Immediately,Starts immediatelyImmediately,"₹ 2,000 /month",1 week ago,https://internshala.com/internship/detail/work-from-home-part-time-data-science-internship-at-emoolar-technology-private-limited1707409955
229,Data Engineering,Taiyō,[['Work From Home']],Immediately,Starts immediatelyImmediately,"₹ 15,000 /month",1 week ago,https://internshala.com/internship/detail/work-from-home-data-engineering-internship-at-taiy1707287975
230,Embedded Systems,Improvians,[['Mumbai']],Immediately,Starts immediatelyImmediately,"₹ 8,000-12,000 /month",1 week ago,https://internshala.com/internship/detail/embedded-systems-internship-in-mumbai-at-improvians1707206278
231,Backend-Focused Full Stack Development: AI-Powered B2B SaaS,Siddharth Chopda,[['Work From Home']],Immediately,Starts immediatelyImmediately,$ 200-400 /month,1 week ago,https://internshala.com/internship/detail/work-from-home-backend-focused-full-stack-development-ai-powered-b2b-saas-internship-at-siddharth-chopda1707112788
232,Backend Development: AI-Powered B2B SaaS,Siddharth Chopda,[['Work From Home']],Immediately,Starts immediatelyImmediately,$ 200-400 /month,1 week ago,https://internshala.com/internship/detail/work-from-home-backend-development-ai-powered-b2b-saas-internship-at-siddharth-chopda1707112699
233,Python Development,BlueTide Solutions Private Limited,[['Gurgaon']],Immediately,Starts immediatelyImmediately,"₹ 15,000 /month",1 week ago,https://internshala.com/internship/detail/python-development-internship-in-gurgaon-at-bluetide-solutions-private-limited1706867493
234,Hollywood Film Development And Operations,Continuum Media,[['Mumbai']],Immediately,Starts immediatelyImmediately,"₹ 5,000 /month",1 week ago,https://internshala.com/internship/detail/hollywood-film-development-and-operations-internship-in-mumbai-at-continuum-media1706770506
235,Embedded Systems,Ground Screw Private Limited,"[['Pune', 'Mumbai']]",Immediately,Starts immediatelyImmediately,"₹ 20,000-30,000 /month",1 week ago,https://internshala.com/internship/detail/embedded-systems-internship-in-multiple-locations-at-ground-screw-private-limited1706776106
236,Python Development,Countai Private Limited,[['Coimbatore']],Immediately,Starts immediatelyImmediately,"₹ 10,000 /month",1 week ago,https://internshala.com/internship/detail/python-development-internship-in-coimbatore-at-countai-private-limited1706766983
237,Full Stack Development,Blazels Infinity Private Limited,"[['Navi Mumbai', 'Jaipur']]",Immediately,Starts immediatelyImmediately,"₹ 10,000-12,000 /month",1 week ago,https://internshala.com/internship/detail/full-stack-development-internship-in-multiple-locations-at-blazels-infinity-private-limited1706685498
238,Computer Vision,Countai Private Limited,[['Coimbatore']],Immediately,Starts immediatelyImmediately,"₹ 10,000 /month",1 week ago,https://internshala.com/internship/detail/computer-vision-internship-in-coimbatore-at-countai-private-limited1706639899
239,Python Development,Digipplus,[['Work From Home']],Immediately,Starts immediatelyImmediately,"₹ 10,000 /month",1 week ago,https://internshala.com/internship/detail/work-from-home-part-time-python-development-internship-at-digipplus1706592376
240,Backend Development,Alemeno,[['Work From Home']],Immediately,Starts immediatelyImmediately,"₹ 20,000-25,000 /month",3 weeks ago,https://internshala.com/internship/detail/work-from-home-backend-development-internship-at-alemeno1706514170
241,Backend Development,S7works,[['Work From Home']],Immediately,Starts immediatelyImmediately,"₹ 12,000 /month",3 weeks ago,https://internshala.com/internship/detail/work-from-home-backend-development-internship-at-s7works1706329975
